{"cameraMode":{"drawMode":0,"name":"Shaded","section":"Shading Mode"},"sceneLighting":true,"audioPlay":false,"sceneViewState":{"showFog":true,"showMaterialUpdate":false,"showSkybox":true,"showFlares":true,"showImageEffects":true,"showParticleSystems":true},"in2DMode":false,"pivot":{"x":-1.5771619081497193,"y":-0.321624219417572,"z":4.1112751960754398},"rotation":{"x":-0.09450246393680573,"y":0.05879724770784378,"z":-0.005591262597590685,"w":-0.9937711358070374},"size":4.849693298339844,"orthographic":false}