{"cameraMode":{"drawMode":0,"name":"Shaded","section":"Shading Mode"},"sceneLighting":false,"audioPlay":false,"sceneViewState":{"showFog":true,"showMaterialUpdate":false,"showSkybox":false,"showFlares":true,"showImageEffects":true,"showParticleSystems":true},"in2DMode":false,"pivot":{"x":-0.4097999930381775,"y":0.022600000724196435,"z":0.060100000351667407},"rotation":{"x":-0.015219864435493946,"y":0.10837069153785706,"z":-0.0016587157733738423,"w":-0.9939927458763123},"size":22.0,"orthographic":false}