{"cameraMode":{"drawMode":0,"name":"Shaded","section":"Shading Mode"},"sceneLighting":false,"audioPlay":false,"sceneViewState":{"showFog":true,"showMaterialUpdate":false,"showSkybox":false,"showFlares":true,"showImageEffects":true,"showParticleSystems":true},"in2DMode":false,"pivot":{"x":-0.1599999964237213,"y":0.00020000338554382324,"z":-0.022660255432128907},"rotation":{"x":-0.015219864435493946,"y":0.10837069153785706,"z":-0.0016587157733738423,"w":-0.9939927458763123},"size":0.361209899187088,"orthographic":false}