{"cameraMode":{"drawMode":0,"name":"Shaded","section":"Shading Mode"},"sceneLighting":false,"audioPlay":false,"sceneViewState":{"showFog":true,"showMaterialUpdate":false,"showSkybox":false,"showFlares":true,"showImageEffects":true,"showParticleSystems":true},"in2DMode":false,"pivot":{"x":-59.111473083496097,"y":26.352725982666017,"z":5.0},"rotation":{"x":-0.10958888381719589,"y":0.002084445906803012,"z":-0.00022974512830842286,"w":-0.9939748048782349},"size":680.37646484375,"orthographic":false}