{"cameraMode":{"drawMode":0,"name":"Shaded","section":"Shading Mode"},"sceneLighting":false,"audioPlay":false,"sceneViewState":{"showFog":true,"showMaterialUpdate":false,"showSkybox":false,"showFlares":true,"showImageEffects":true,"showParticleSystems":true},"in2DMode":false,"pivot":{"x":-0.23080597817897798,"y":-0.12988552451133729,"z":1.9955828189849854},"rotation":{"x":0.0643971711397171,"y":0.10607123374938965,"z":-0.0068828025832772259,"w":0.9922472834587097},"size":0.18752369284629823,"orthographic":false}