{"cameraMode":{"drawMode":0,"name":"Shaded","section":"Shading Mode"},"sceneLighting":false,"audioPlay":false,"sceneViewState":{"showFog":true,"showMaterialUpdate":false,"showSkybox":false,"showFlares":true,"showImageEffects":true,"showParticleSystems":true},"in2DMode":false,"pivot":{"x":0.6985785961151123,"y":0.18008723855018617,"z":-0.44410958886146548},"rotation":{"x":-0.09924755990505219,"y":0.542840838432312,"z":-0.06480211764574051,"w":-0.8314291834831238},"size":-0.22010880708694459,"orthographic":false}