{"cameraMode":{"drawMode":0,"name":"Shaded","section":"Shading Mode"},"sceneLighting":false,"audioPlay":false,"sceneViewState":{"showFog":true,"showMaterialUpdate":false,"showSkybox":false,"showFlares":true,"showImageEffects":true,"showParticleSystems":true},"in2DMode":false,"pivot":{"x":0.16141627728939057,"y":0.18839901685714723,"z":0.10883986949920654},"rotation":{"x":0.0643971711397171,"y":0.10607123374938965,"z":-0.0068828025832772259,"w":0.9922472834587097},"size":1.2266108989715577,"orthographic":false}